[
	{
		"key": "dbvendor",
		"label": "Database Vendor",
		"option_elements":
		[
			{
				"id": "fmt_dbvendor",
				"label": "Vendor Name",
				"type": "TDbVendor",
				"default_value": "oracle",
				"initial_visibility": "visible",
				"actions":[]
			}
		]
	},
	{
		"key":"select",
		"label":"Select Query",
		"clauses":
		[
			{
				"key": "selectList",
                "label": "Select List",
                "sqlid": "9757063",
				"has_child_options":true,
				"format_options":
				[
					{
						"key": "listInNewline",
						"label": "List In New Line",
						"option_elements":
						[
							{
								"id": "fmt002_select_list_in_newline",
								"label": "Select List In New Line",
								"type": "TFmtBoolean",
								"default_value": false,
								"initial_visibility": "visible",
								"actions":
								[
									{"on":true,"show":"fmt008_select_list_indent"}
								]
							},
							{
								"id": "fmt008_select_list_indent",
								"label": "Select List Indent",
								"type": "int",
								"default_value": 2,
								"initial_visibility": "hidden",
								"actions":[]
							}
						]
					},
					{
						"key": "listStyle",
						"label": "List Style",
						"option_elements":
						[
							{
								"id": "fmt001_select_list_style",
								"label": "Select List Style",
								"type": "TFmtListStyle",
								"default_value": "fit_into_one_line",
								"initial_visibility": "visible",
								"actions":
								[
									{"on":"stacked","show":"fmt003_select_list_comma_option"}
								]
							},
							{
								"id": "fmt003_select_list_comma_option",
								"label": "Select List Comma Option",
								"type": "TFmtCommaOption",
								"default_value": "after_item",
								"initial_visibility": "hidden",
								"actions":
								[
									{"on":"before_item_outside_list_with_n_space","show":"fmt004_select_list_comma_space"}
								]
							},
							{
								"id": "fmt004_select_list_comma_space",
								"label": "Select List Comma Space",
								"type": "int",
								"default_value": "1",
								"initial_visibility": "hidden",
								"actions": []
							}
						]
					}
				]
			},
			{
				"key": "intoClause",
                "label": "Into Clause",
                "sqlid": "9757095",
				"format_options":
				[
					{
						"key": "",
						"option_elements":
						[
							{
								"id": "fmt005_select_into_clause_in_newline",
								"label": "Select Into Clause In New Line",
								"type": "TFmtBoolean",
								"default_value": false,
								"initial_visibility": "visible",
								"actions":
								[
									{"on":true,"show":"fmt006_select_into_clause_indent"}
								]
							},
							{
								"id": "fmt006_select_into_clause_indent",
								"label": "Select Into Clause Indent",
								"type": "int",
								"default_value": 2,
								"initial_visibility": "hidden",
								"actions":[]
							}
						]
					}
				]
			},
			{
				"key": "fromClause",
                "label": "From Clause",
                "sqlid": "9757122",
				"has_child_options":true,
				"format_options":
				[
					{
						"key": "tableInNewline",
						"label": "Table In New Line",
						"option_elements":
						[
							{
								"id": "fmt009_select_table_in_newline",
								"label": "Select Table In New Line",
								"type": "TFmtBoolean",
								"default_value": false,
								"initial_visibility": "visible",
								"actions":
								[
									{"on":true,"show":"fmt010_select_table_indent"}
								]
							},
							{
								"id": "fmt010_select_table_indent",
								"label": "Select Table Indent",
								"type": "int",
								"default_value": 2,
								"initial_visibility": "hidden",
								"actions":[]
							}
						]
					},
					{
						"key": "tableListStyle",
						"label": "Table List Style",
						"option_elements":
						[
							{
								"id": "fmt007_select_table_list_style",
								"label": "Select Table List Style",
								"type": "TFmtListStyle",
								"default_value": "fit_into_one_line",
								"initial_visibility": "visible",
								"actions":
								[
									{"on":"stacked","show":"fmt011_select_table_list_comma_option"}
								]
							},
							{
								"id": "fmt011_select_table_list_comma_option",
								"label": "Select Table List Comma Option",
								"type": "TFmtCommaOption",
								"default_value": "after_item",
								"initial_visibility": "hidden",
								"actions":
								[
									{"on":"before_item_outside_list_with_n_space","show":"fmt012_select_table_list_comma_space"}
								]
							},
							{
								"id": "fmt012_select_table_list_comma_space",
								"label": "Select Table List Comma Space",
								"type": "int",
								"default_value": "1",
								"initial_visibility": "hidden",
								"actions": []
							}
						]
					}
				]
			},
			{
				"key": "fromClauseJoin",
                "label": "From Clause Join",
                "sqlid": "9757963",
				"has_child_options":true,
				"format_options":
				[
					{
						"key": "joinKeywordIndention",
						"label": "Join Keyword Indention",
						"option_elements":
						[
							{
								"id": "fmt013_join_indent",
								"label": "From Join Indent",
								"type": "int",
								"default_value": 0,
								"initial_visibility": "visible",
								"actions":[]
							}
						]
					},
					{
						"key": "joinTableInNewline",
						"label": "Join Table In New Line",
						"option_elements":
						[
							{
								"id": "fmt014_join_table_in_newline",
								"label": "Join Table in Newline",
								"type": "TFmtBoolean",
								"default_value": false,
								"initial_visibility": "visible",
								"actions":
								[
									{"on":true,"show":"fmt015_join_table_indent "}
								]
							},
							{
								"id": "fmt015_join_table_indent",
								"label": "Join Table Indent",
								"type": "int",
								"default_value": 2,
								"initial_visibility": "hidden",
								"actions":[]
							}
						]
					},
					{
						"key": "onKeywordInNewline",
						"label": "On Keyword In New Line",
						"option_elements":
						[
							{
								"id": "fmt016_join_on_in_newline",
								"label": "Join On in Newline",
								"type": "TFmtBoolean",
								"default_value": false,
								"initial_visibility": "visible",
								"actions":
								[
									{"on":true,"show":"fmt090_join_on_indent "}
								]
							},
							{
								"id": "fmt090_join_on_indent",
								"label": "Join On Indent",
								"type": "int",
								"default_value": 2,
								"initial_visibility": "hidden",
								"actions":[]
							}
						]
					}
				]
			},
			{
				"key": "whereClause",
                "label": "Where Clause",
                "sqlid": "9757983",
				"has_child_options":true,
				"format_options":
				[
					{
						"key": "conditionInNewline",
						"label": "Condition In New Line",
						"option_elements":
						[
							{
								"id": "fmt017_where_condition_in_newline",
								"label": "Where Condition in Newline",
								"type": "TFmtBoolean",
								"default_value": false,
								"initial_visibility": "visible",
								"actions":
								[
									{"on":true,"show":"fmt018_where_condition_indent "}
								]
							},
							{
								"id": "fmt018_where_condition_indent",
								"label": "Where Condition Indent",
								"type": "int",
								"default_value": 2,
								"initial_visibility": "hidden",
								"actions":[]
							}
						]
					},
					{
						"key": "ANDORStyle",
						"label": "ANDOR Style",
						"option_elements":
						[
							{
								"id": "fmt019_where_condition_andor",
								"label": "Where Condition AND OR",
								"type": "TFmtANDOR",
								"default_value": "at_the_begin_of_line",
								"initial_visibility": "visible",
								"actions":[]
							}
						]
					}
				]
			},
			{
				"key": "groupByClause",
                "label": "Group By Clause",
                "sqlid": "9757994",
				"has_child_options":true,
				"format_options":
				[
					{
						"key": "listInNewline",
						"label": "List In New Line",
						"option_elements":
						[
							{
								"id": "fmt021_groupby_list_in_newline",
								"label": "Group By List In New Line",
								"type": "TFmtBoolean",
								"default_value": false,
								"initial_visibility": "visible",
								"actions":
								[
									{"on":true,"show":"fmt022_groupby_list_indent"}
								]
							},
							{
								"id": "fmt022_groupby_list_indent",
								"label": "Group By List Indent",
								"type": "int",
								"default_value": 2,
								"initial_visibility": "hidden",
								"actions":[]
							}
						]
					},
					{
						"key": "listStyle",
						"label": "List Style",
						"option_elements":
						[
							{
								"id": "fmt020_groupby_list_style",
								"label": "Group By List Style",
								"type": "TFmtListStyle",
								"default_value": "fit_into_one_line",
								"initial_visibility": "visible",
								"actions":
								[
									{"on":"stacked","show":"fmt023_groupby_list_comma_option"}
								]
							},
							{
								"id": "fmt023_groupby_list_comma_option",
								"label": "Group By List Comma Option",
								"type": "TFmtCommaOption",
								"default_value": "after_item",
								"initial_visibility": "hidden",
								"actions":
								[
									{"on":"before_item_outside_list_with_n_space","show":"fmt024_groupby_list_comma_space"}
								]
							},
							{
								"id": "fmt024_groupby_list_comma_space",
								"label": "Group By List Comma Space",
								"type": "int",
								"default_value": "1",
								"initial_visibility": "hidden",
								"actions": []
							}
						]
					}
				]
			},
			{
				"key": "havingClause",
                "label": "Having Clause",
                "sqlid": "9758005",
				"format_options":
				[
					{
						"key": "conditionInNewline",
						"option_elements":
						[
							{
								"id": "fmt025_having_condition_in_newline",
								"label": "Having Condition In New Line",
								"type": "TFmtBoolean",
								"default_value": false,
								"initial_visibility": "visible",
								"actions":
								[
									{"on":true,"show":"fmt026_having_condition_indent"}
								]
							},
							{
								"id": "fmt026_having_condition_indent",
								"label": "Having Condition List Indent",
								"type": "int",
								"default_value": 2,
								"initial_visibility": "hidden",
								"actions":[]
							}
						]
					}
				]
			},
			{
				"key": "orderByClause",
                "label": "Order By Clause",
                "sqlid": "9758016",
				"has_child_options":true,
				"format_options":
				[
					{
						"key": "listInNewline",
						"label": "List In New Line",
						"option_elements":
						[
							{
								"id": "fmt028_orderby_list_in_newline",
								"label": "Order By List In New Line",
								"type": "TFmtBoolean",
								"default_value": false,
								"initial_visibility": "visible",
								"actions":
								[
									{"on":true,"show":"fmt029_orderby_list_indent"}
								]
							},
							{
								"id": "fmt029_orderby_list_indent",
								"label": "Order By List Indent",
								"type": "int",
								"default_value": 2,
								"initial_visibility": "hidden",
								"actions":[]
							}
						]
					},
					{
						"key": "listStyle",
						"label": "List Style",
						"option_elements":
						[
							{
								"id": "fmt027_orderby_list_style",
								"label": "Order By List Style",
								"type": "TFmtListStyle",
								"default_value": "fit_into_one_line",
								"initial_visibility": "visible",
								"actions":
								[
									{"on":"stacked","show":"fmt030_orderby_list_comma_option"}
								]
							},
							{
								"id": "fmt030_orderby_list_comma_option",
								"label": "Order By List Comma Option",
								"type": "TFmtCommaOption",
								"default_value": "after_item",
								"initial_visibility": "hidden",
								"actions":
								[
									{"on":"before_item_outside_list_with_n_space","show":"fmt031_orderby_list_comma_space"}
								]
							},
							{
								"id": "fmt031_orderby_list_comma_space",
								"label": "Order By List Comma Space",
								"type": "int",
								"default_value": "1",
								"initial_visibility": "hidden",
								"actions": []
							}
						]
					}
				]
			},
			{
				"key": "selectAsSubquery",
                "label": "Select As Subquery",
                "sqlid": "9758026",
				"format_options":
				[
					{
						"key": "",
						"option_elements":
						[
							{
								"id": "fmt033_subquery_start_parenthesis_in_newline",
								"label": "Subquery Start Parenthesis In New Line",
								"type": "TFmtBoolean",
								"default_value": false,
								"initial_visibility": "visible",
								"actions":
								[
									{"on":true,"show":"fmt034_subquery_start_parenthesis_indent"}
								]
							},
							{
								"id": "fmt034_subquery_start_parenthesis_indent",
								"label": "Subquery Start Parenthesis Indent",
								"type": "int",
								"default_value": 2,
								"initial_visibility": "hidden",
								"actions":[]
							},
							{
								"id": "fmt035_subquery_end_parenthesis_in_newline",
								"label": "Subquery End Parenthesis In New Line",
								"type": "TFmtBoolean",
								"default_value": false,
								"initial_visibility": "visible",
								"actions":
								[
									{"on":true,"show":"fmt036_subquery_end_parenthesis_indent"}
								]
							},
							{
								"id": "fmt036_subquery_end_parenthesis_indent",
								"label": "Subquery End Parenthesis Indent",
								"type": "int",
								"default_value": 2,
								"initial_visibility": "hidden",
								"actions":[]
							},
							{
								"id": "fmt037_subquery_select_keyword_in_newline",
								"label": "Subquery Select Keyword In New Line",
								"type": "TFmtBoolean",
								"default_value": false,
								"initial_visibility": "visible",
								"actions":
								[
									{"on":true,"show":"fmt038_subquery_select_keyword_indent"}
								]
							},
							{
								"id": "fmt038_subquery_select_keyword_indent",
								"label": "Subquery Select Keyword Indent",
								"type": "int",
								"default_value": 2,
								"initial_visibility": "hidden",
								"actions":[]
							}
						]
					}
				]
			}
		]
	},
	{
		"key":"insert",
		"label":"Insert Query",
		"clauses":
		[
			{
				"key": "wholeStatement",
                "label": "Whole Statement",
                "sqlid": "10083004",
				"format_options":
				[
					{
						"key": "",
						"option_elements":
						[
							{
								"id": "fmt039_insert_fit_into_one_line",
								"label": "Insert Fit Into One Line",
								"type": "TFmtBoolean",
								"default_value": false,
								"initial_visibility": "visible",
								"actions":[]
							}
						]
					}
				]
			},
			{
				"key": "columnListStyle",
                "label": "Column List Style",
                "sqlid": "10084441",
				"format_options":
				[
					{
						"key": "",
						"option_elements":
						[
							{
								"id": "fmt040_insert_column_list_style",
								"label": "Insert Column List Style",
								"type": "TFmtListStyle",
								"default_value": "fit_into_one_line",
								"initial_visibility": "visible",
								"actions":
								[
									{"on":"stacked","show":"fmt042_insert_column_list_comma_option"}
								]
							},
							{
								"id": "fmt042_insert_column_list_comma_option",
								"label": "Insert Column List Comma Option",
								"type": "TFmtCommaOption",
								"default_value": "after_item",
								"initial_visibility": "hidden",
								"actions":
								[
									{"on":"before_item_outside_list_with_n_space","show":"fmt043_insert_column_list_comma_space"}
								]
							},
							{
								"id": "fmt043_insert_column_list_comma_space",
								"label": "Insert Column List Comma Space",
								"type": "int",
								"default_value": 2,
								"initial_visibility": "hidden",
								"actions":[]
							}
						]
					}
				]
			},
			{
				"key": "valueListStyle",
                "label": "Value List Style",
                "sqlid": "10084465",
				"format_options":
				[
					{
						"key": "",
						"option_elements":
						[
							{
								"id": "fmt041_insert_value_list_style",
								"label": "Insert Value List Style",
								"type": "TFmtListStyle",
								"default_value": "fit_into_one_line",
								"initial_visibility": "visible",
								"actions":
								[
									{"on":"stacked","show":"fmt161_insert_value_list_comma_option"}
								]
							},
							{
								"id": "fmt161_insert_value_list_comma_option",
								"label": "Insert Value List Comma Option",
								"type": "TFmtCommaOption",
								"default_value": "after_item",
								"initial_visibility": "hidden",
								"actions":
								[
									{"on":"before_item_outside_list_with_n_space","show":"fmt162_insert_value_list_comma_space"}
								]
							},
							{
								"id": "fmt162_insert_value_list_comma_space",
								"label": "Insert Value List Comma Space",
								"type": "int",
								"default_value": 2,
								"initial_visibility": "hidden",
								"actions":[]
							}
						]
					}
				]
			},
			{
				"key": "parenthesisOfColumnList",
                "label": "Parenthesis of Column List",
                "sqlid": "10084951",
				"format_options":
				[
					{
						"key": "",
						"option_elements":
						[
							{
								"id": "fmt044_insert_column_list_start_parenthesis_in_newline",
								"label": "Insert Column List Start Parenthesis In Newline",
								"type": "TFmtBoolean",
								"default_value": false,
								"initial_visibility": "visible",
								"actions":
								[
									{"on":true,"show":"fmt045_insert_column_list_start_parenthesis_indent"}
								]
							},
							{
								"id": "fmt045_insert_column_list_start_parenthesis_indent",
								"label": "Insert Column List Start Parenthesis Indent",
								"type": "int",
								"default_value": 2,
								"initial_visibility": "hidden",
								"actions":[]
							},
							{
								"id": "fmt046_insert_column_list_end_parenthesis_in_newline",
								"label": "Insert Column List End Parenthesis In Newline",
								"type": "TFmtBoolean",
								"default_value": false,
								"initial_visibility": "visible",
								"actions":
								[
									{"on":true,"show":"fmt047_insert_column_list_end_parenthesis_indent"}
								]
							},
							{
								"id": "fmt047_insert_column_list_end_parenthesis_indent",
								"label": "Insert Column List End Parenthesis Indent",
								"type": "int",
								"default_value": 2,
								"initial_visibility": "hidden",
								"actions":[]
							},
							{
								"id": "fmt048_insert_column_list_first_column_in_newline",
								"label": "Insert Column List First Column In Newline",
								"type": "TFmtBoolean",
								"default_value": false,
								"initial_visibility": "visible",
								"actions":
								[
									{"on":true,"show":"fmt049_insert_column_list_first_column_indent"}
								]
							},
							{
								"id": "fmt049_insert_column_list_first_column_indent",
								"label": "Insert Column List First Column Indent",
								"type": "int",
								"default_value": 2,
								"initial_visibility": "hidden",
								"actions":[]
							}
						]
					}
				]
			},
			{
				"key": "parenthesisOfValueList",
                "label": "Parenthesis of Value List",
                "sqlid": "10238849",
				"format_options":
				[
					{
						"key": "",
						"option_elements":
						[
							{
								"id": "fmt050_insert_value_list_start_parenthesis_in_newline",
								"label": "Insert Value List Start Parenthesis In Newline",
								"type": "TFmtBoolean",
								"default_value": false,
								"initial_visibility": "visible",
								"actions":
								[
									{"on":true,"show":"fmt051_insert_value_list_start_parenthesis_indent"}
								]
							},
							{
								"id": "fmt051_insert_value_list_start_parenthesis_indent",
								"label": "Insert Value List Start Parenthesis Indent",
								"type": "int",
								"default_value": 2,
								"initial_visibility": "hidden",
								"actions":[]
							},
							{
								"id": "fmt052_insert_value_list_end_parenthesis_in_newline",
								"label": "Insert Value List End Parenthesis In Newline",
								"type": "TFmtBoolean",
								"default_value": false,
								"initial_visibility": "visible",
								"actions":
								[
									{"on":true,"show":"fmt053_insert_value_list_end_parenthesis_indent"}
								]
							},
							{
								"id": "fmt053_insert_value_list_end_parenthesis_indent",
								"label": "Insert Value List End Parenthesis Indent",
								"type": "int",
								"default_value": 2,
								"initial_visibility": "hidden",
								"actions":[]
							},
							{
								"id": "fmt054_insert_value_list_first_value_in_newline",
								"label": "Insert Column Value First Column In Newline",
								"type": "TFmtBoolean",
								"default_value": false,
								"initial_visibility": "visible",
								"actions":
								[
									{"on":true,"show":"fmt055_insert_value_list_first_value_indent"}
								]
							},
							{
								"id": "fmt055_insert_value_list_first_value_indent",
								"label": "Insert Value List First Value Indent",
								"type": "int",
								"default_value": 2,
								"initial_visibility": "hidden",
								"actions":[]
							}
						]
					}
				]
			},
			{
				"key": "subqueryIndentation",
                "label": "Subquery Indentation",
                "sqlid": "10085055",
				"format_options":
				[
					{
						"key": "",
						"option_elements":
						[
							{
								"id": "fmt056_insert_subquery_indent",
								"label": "Insert Subquery Indent",
								"type": "int",
								"default_value": 2,
								"initial_visibility": "visible",
								"actions":[]
							}
						]
					}
				]
			}
		]
	},
	{
		"key":"update",
		"label":"Update Query",
		"clauses":
		[
			{
				"key": "mainClauseInNewline",
                "label": "Main Clause In New Line",
                "sqlid": "10098122",
				"format_options":
				[
					{
						"key": "",
						"option_elements":
						[
							{
								"id": "fmt057_update_table_in_new_line",
								"label": "Update Table In New Line",
								"type": "TFmtBoolean",
								"default_value": false,
								"initial_visibility": "visible",
								"actions":
								[
									{"on":true,"show":"fmt061_update_table_indent"}
								]
							},
							{
								"id": "fmt061_update_table_indent",
								"label": "Update Table Indent",
								"type": "int",
								"default_value": 2,
								"initial_visibility": "hidden",
								"actions":[]
							},
							{
								"id": "fmt059_update_set_clause_in_new_line",
								"label": "Update Set Clause In New Line",
								"type": "TFmtBoolean",
								"default_value": false,
								"initial_visibility": "visible",
								"actions":
								[
									{"on":true,"show":"fmt063_update_set_clause_indent"}
								]
							},
							{
								"id": "fmt063_update_set_clause_indent",
								"label": "Update Set Clause Indent",
								"type": "int",
								"default_value": 2,
								"initial_visibility": "hidden",
								"actions":[]
							},
							{
								"id": "fmt060_update_where_condition_in_new_line",
								"label": "Update Where Condition In New Line",
								"type": "TFmtBoolean",
								"default_value": false,
								"initial_visibility": "visible",
								"actions":
								[
									{"on":true,"show":"fmt064_update_where_condition_indent"}
								]
							},
							{
								"id": "fmt064_update_where_condition_indent",
								"label": "Update Where Codition Indent",
								"type": "int",
								"default_value": 2,
								"initial_visibility": "hidden",
								"actions":[]
							}
						]
					}
				]
			},
			{
				"key": "setItemStyle",
                "label": "Set Item Style",
                "sqlid": "10098122",
				"format_options":
				[
					{
						"key": "",
						"option_elements":
						[
							{
								"id": "fmt065_update_set_clause_list_style",
								"label": "Update Set Clause List Style",
								"type": "TFmtListStyle",
								"default_value": "fit_into_one_line",
								"initial_visibility": "visible",
								"actions":
								[
									{"on":"stacked","show":"fmt066_update_set_clause_list_comma_option"}
								]
							},
							{
								"id": "fmt066_update_set_clause_list_comma_option",
								"label": "Update Set Clause List Comma Option",
								"type": "TFmtCommaOption",
								"default_value": "after_item",
								"initial_visibility": "hidden",
								"actions":
								[
									{"on":"before_item_outside_list_with_n_space","show":"fmt067_update_set_clause_list_comma_space"}
								]
							},
							{
								"id": "fmt067_update_set_clause_list_comma_space",
								"label": "Update Set Clause List Comma Space",
								"type": "int",
								"default_value": 2,
								"initial_visibility": "hidden",
								"actions":[]
							}
						]
					}
				]
			}
		]
	},
	{
		"key":"createTable",
		"label":"Create Table",
		"clauses":
		[
			{
				"key": "wholeStatement",
                "label": "Whole Statement",
                "sqlid": "10098765",
				"format_options":
				[
					{
						"key": "",
						"option_elements":
						[
							{
								"id": "fmt068_createtable_fit_into_one_line",
								"label": "Create Table Fit Into One Line",
								"type": "TFmtBoolean",
								"default_value": false,
								"initial_visibility": "visible",
								"actions":[]
							}
						]
					}
				]
			},
			{
				"key": "fieldListStyle",
                "label": "Field List Style",
                "sqlid": "10098765",
				"format_options":
				[
					{
						"key": "",
						"option_elements":
						[
							{
								"id": "fmt069_createtable_field_list_style",
								"label": "Create Table Field List Style",
								"type": "TFmtListStyle",
								"default_value": "fit_into_one_line",
								"initial_visibility": "visible",
								"actions":
								[
									{"on":"stacked","show":"fmt070_createtable_field_list_comma_option"}
								]
							},
							{
								"id": "fmt070_createtable_field_list_comma_option",
								"label": "Create Table Field List Comma Option",
								"type": "TFmtCommaOption",
								"default_value": "after_item",
								"initial_visibility": "hidden",
								"actions":
								[
									{"on":"before_item_outside_list_with_n_space","show":"fmt071_createtable_field_list_comma_space"}
								]
							},
							{
								"id": "fmt071_createtable_field_list_comma_space",
								"label": "Create Table Field List Comma Space",
								"type": "int",
								"default_value": 2,
								"initial_visibility": "hidden",
								"actions":[]
							}
						]
					}
				]
			},
			{
				"key": "alignField",
                "label": "Align Field",
                "sqlid": "10098765",
				"format_options":
				[
					{
						"key": "",
						"option_elements":
						[
							{
								"id": "fmt176_createtable_field_align",
								"label": "Create Table Field Align",
								"type": "TFmtAlign",
								"default_value": "left",
								"initial_visibility": "visible",
								"actions":[]
							}
						]
					}
				]
			},
			{
				"key": "parenthesisStyle",
                "label": "Parenthesis Style",
                "sqlid": "10098765",
				"format_options":
				[
					{
						"key": "",
						"option_elements":
						[
							{
								"id": "fmt072_createtable_field_list_start_parenthesis_in_newline",
								"label": "Create Table Field List Start Parenthesis In Newline",
								"type": "TFmtBoolean",
								"default_value": false,
								"initial_visibility": "visible",
								"actions":
								[
									{"on":true,"show":"fmt073_createtable_field_list_start_parenthesis_indent"}
								]
							},
							{
								"id": "fmt073_createtable_field_list_start_parenthesis_indent",
								"label": "Create Table Field List Start Parenthesis Indent",
								"type": "int",
								"default_value": 2,
								"initial_visibility": "hidden",
								"actions":[]
							},
							{
								"id": "fmt074_createtable_field_list_end_parenthesis_in_newline",
								"label": "Create Table Field List End Parenthesis In Newline",
								"type": "TFmtBoolean",
								"default_value": false,
								"initial_visibility": "visible",
								"actions":
								[
									{"on":true,"show":"fmt075_createtable_field_list_end_parenthesis_indent"}
								]
							},
							{
								"id": "fmt075_createtable_field_list_end_parenthesis_indent",
								"label": "Create Table Field List End Parenthesis Indent",
								"type": "int",
								"default_value": 2,
								"initial_visibility": "hidden",
								"actions":[]
							},
							{
								"id": "fmt076_createtable_field_list_first_field_in_newline",
								"label": "Create Table Field List First Field In Newline",
								"type": "TFmtBoolean",
								"default_value": false,
								"initial_visibility": "visible",
								"actions":
								[
									{"on":true,"show":"fmt077_createtable_field_list_first_field_indent"}
								]
							},
							{
								"id": "fmt077_createtable_field_list_first_field_indent",
								"label": "Create Table Field List First Field Indent",
								"type": "int",
								"default_value": 2,
								"initial_visibility": "hidden",
								"actions":[]
							}
						]
					}
				]
			},
			{
				"key": "subqueryInNewline",
                "label": "Subquery In New Line",
                "sqlid": "10098815",
				"format_options":
				[
					{
						"key": "",
						"option_elements":
						[
							{
								"id": "fmt078_createtable_subquery_as_in_newline",
								"label": "Create Table Subquery As In Newline",
								"type": "TFmtBoolean",
								"default_value": false,
								"initial_visibility": "visible",
								"actions":
								[
									{"on":true,"show":"fmt079_createtable_subquery_as_indent"}
								]
							},
							{
								"id": "fmt079_createtable_subquery_as_indent",
								"label": "Create Table Subquery As Indent",
								"type": "int",
								"default_value": 2,
								"initial_visibility": "hidden",
								"actions":[]
							}
						]
					}
				]
			}
		]
	},
	{
		"key":"caseExpression",
		"label":"Case Expression",
		"clauses":
		[
			{
				"key": "blockIndentation",
                "label": "Block Indentation",
                "sqlid": "10098931",
				"format_options":
				[
					{
						"key": "",
						"option_elements":
						[
							{
								"id": "fmt080_case_indent",
								"label": "Case Indent",
								"type": "int",
								"default_value": 2,
								"initial_visibility": "visible",
								"actions":[]
							}
						]
					}
				]
			},
			{
				"key": "thenKeywordInNewline",
                "label": "Then Keyword In New Line",
                "sqlid": "10098931",
				"format_options":
				[
					{
						"key": "",
						"option_elements":
						[
							{
								"id": "fmt081_case_then_in_newline",
								"label": "Case Then In New Line",
								"type": "TFmtBoolean",
								"default_value": false,
								"initial_visibility": "visible",
								"actions":[]
							}
						]
					}
				]
			},
			{
				"key": "firstWhenInNewline",
                "label": "First When In New Line",
                "sqlid": "10098931",
				"format_options":
				[
					{
						"key": "",
						"option_elements":
						[
							{
								"id": "fmt173_case_first_when_in_newline",
								"label": "Case First When In New Line",
								"type": "TFmtBoolean",
								"default_value": false,
								"initial_visibility": "visible",
								"actions":[]
							}
						]
					}
				]
			},
			{
				"key": "thenExprInNewline",
                "label": "Then Expr In New Line",
                "sqlid": "10098931",
				"format_options":
				[
					{
						"key": "",
						"option_elements":
						[
							{
								"id": "fmt174_case_then_expr_in_newline",
								"label": "Case Then Expr In New Line",
								"type": "TFmtBoolean",
								"default_value": false,
								"initial_visibility": "visible",
								"actions":[]
							}
						]
					}
				]
			},
			{
				"key": "elseExprInNewline",
                "label": "Else Expr In New Line",
                "sqlid": "10098931",
				"format_options":
				[
					{
						"key": "",
						"option_elements":
						[
							{
								"id": "fmt175_case_else_expr_in_newline",
								"label": "Case Else Expr In New Line",
								"type": "TFmtBoolean",
								"default_value": false,
								"initial_visibility": "visible",
								"actions":[]
							}
						]
					}
				]
			}
		]
	},
	{
		"key":"commonTableExpression",
		"label":"Common Table Expression",
		"clauses":
		[
			{
				"key": "asKeywordInNewline",
                "label": "As Keyword In New Line",
                "sqlid": "10099189",
				"format_options":
				[
					{
						"key": "",
						"option_elements":
						[
							{
								"id": "fmt082_cte_as_in_newline",
								"label": "CTE As In New Line",
								"type": "TFmtBoolean",
								"default_value": false,
								"initial_visibility": "visible",
								"actions":
								[
									{"on":true,"show":"fmt083_cte_as_indent"}
								]
							},
							{
								"id": "fmt083_cte_as_indent",
								"label": "CTE As Indent",
								"type": "int",
								"default_value": 2,
								"initial_visibility": "hidden",
								"actions":[]
							}
						]
					}
				]
			}
		]
	},
	{
		"key":"sqlParameters",
		"label":"SQL Parameters",
		"clauses":
		[
			{
				"key": "parameterDeclaration",
                "label": "Parameter Declaration",
                "sqlid": "10099814",
				"has_child_options":true,
				"format_options":
				[
					{
						"key": "parameterStyle",
						"label": "Parameter Style",
						"option_elements":
						[
							{
								"id": "fmt151_parameter_list_style",
								"label": "Parameter List Style",
								"type": "TFmtListStyle",
								"default_value": "fit_into_one_line",
								"initial_visibility": "visible",
								"actions":
								[
									{"on":"stacked","show":"fmt152_parameter_list_comma_option"}
								]
							},
							{
								"id": "fmt152_parameter_list_comma_option",
								"label": "Parameter List Comma Option",
								"type": "TFmtCommaOption",
								"default_value": "after_item",
								"initial_visibility": "hidden",
								"actions":
								[
									{"on":"before_item_outside_list_with_n_space","show":"fmt153_parameter_list_comma_space"}
								]
							},
							{
								"id": "fmt153_parameter_list_comma_space",
								"label": "Parameter List Comma Space",
								"type": "int",
								"default_value": "1",
								"initial_visibility": "hidden",
								"actions": []
							}
						]
					},
					{
						"key": "parenthesisStyle",
						"label": "Parenthesis Style",
						"option_elements":
						[
							{
								"id": "fmt154_parameter_list_start_parenthesis_in_newline",
								"label": "Parameter List Start Parenthesis In Newline",
								"type": "TFmtBoolean",
								"default_value": false,
								"initial_visibility": "visible",
								"actions":
								[
									{"on":true,"show":"fmt155_parameter_list_start_parenthesis_indent"}
								]
							},
							{
								"id": "fmt155_parameter_list_start_parenthesis_indent",
								"label": "Parameter List Start Parenthesis Indent",
								"type": "int",
								"default_value": 2,
								"initial_visibility": "hidden",
								"actions":[]
							},
							{
								"id": "fmt156_parameter_list_end_parenthesis_in_newline",
								"label": "Parameter List End Parenthesis In Newline",
								"type": "TFmtBoolean",
								"default_value": false,
								"initial_visibility": "visible",
								"actions":
								[
									{"on":true,"show":"fmt157_parameter_list_end_parenthesis_indent"}
								]
							},
							{
								"id": "fmt157_parameter_list_end_parenthesis_indent",
								"label": "Parameter List End Parenthesis Indent",
								"type": "int",
								"default_value": 2,
								"initial_visibility": "hidden",
								"actions":[]
							},
							{
								"id": "fmt158_parameter_list_first_item_in_newline",
								"label": "Parameter List First Item In Newline",
								"type": "TFmtBoolean",
								"default_value": false,
								"initial_visibility": "visible",
								"actions":
								[
									{"on":true,"show":"fmt159_parameter_list_first_item_indent"}
								]
							},
							{
								"id": "fmt159_parameter_list_first_item_indent",
								"label": "Parameter List First Item Indent",
								"type": "int",
								"default_value": 2,
								"initial_visibility": "hidden",
								"actions":[]
							}
						]
					},
					{
						"key": "alignDatatype",
						"label": "Align Data Type",
						"option_elements":
						[
							{
								"id": "fmt160_parameter_list_align_data_type",
								"label": "Parameter List Align Data Type",
								"type": "TFmtBoolean",
								"default_value": false,
								"initial_visibility": "visible",
								"actions":[]
							}
						]
					},
					{
						"key": "alignINOUTkeyword",
						"label": "Align INOUT Keyword",
						"sqlid": "10099886",
						"option_elements":
						[
							{
								"id": "fmt092_align_parameter_in_out",
								"label": "Align Parameter In Out",
								"type": "TFmtBoolean",
								"default_value": false,
								"initial_visibility": "visible",
								"actions":[]
							}
						]
					}
				]
			},
			{
				"key": "parameterInFunctionCall",
                "label": "Parameter In Function Call",
                "sqlid": "10099916",
				"has_child_options":true,
				"format_options":
				[
					{
						"key": "parameterStyle",
						"label": "Parameter Style",
						"option_elements":
						[
							{
								"id": "fmt085_function_call_parameter_list_style",
								"label": "Function Call Parameter List Style",
								"type": "TFmtListStyle",
								"default_value": "fit_into_one_line",
								"initial_visibility": "visible",
								"actions":
								[
									{"on":"stacked","show":"fmt086_function_call_parameter_list_comma_option"}
								]
							},
							{
								"id": "fmt086_function_call_parameter_list_comma_option",
								"label": "Function Call Parameter List Comma Option",
								"type": "TFmtCommaOption",
								"default_value": "after_item",
								"initial_visibility": "hidden",
								"actions":
								[
									{"on":"before_item_outside_list_with_n_space","show":"fmt087_function_call_parameter_list_comma_space"}
								]
							},
							{
								"id": "fmt087_function_call_parameter_list_comma_space",
								"label": "Function Call Parameter List Comma Space",
								"type": "int",
								"default_value": "1",
								"initial_visibility": "hidden",
								"actions": []
							}
						]
					},
					{
						"key": "alignPLSQLParameter",
						"label": "Align PLSQL Parameter",
						"sqlid": "10099947",
						"option_elements":
						[
							{
								"id": "fmt093_align_plsql_function_call_parameter",
								"label": "Align PLSQL Function Call Parameter",
								"type": "TFmtBoolean",
								"default_value": false,
								"initial_visibility": "visible",
								"actions":[]
							}
						]
					}
				]
			}
		]
	},
	{
		"key":"alignments",
		"label":"Alignments",
		"clauses":
		[
			{
				"key": "mainKeywords",
                "label": "Main Keywords",
                "sqlid": "10100781",
				"has_child_options":false,
				"format_options":
				[
					{
						"key": "",
						"label": "",
						"option_elements":
						[
							{
								"id": "fmt088_align_main_keyword",
								"label": "Parameter List Style",
								"type": "TFmtAlign",
								"default_value": "left",
								"initial_visibility": "visible",
								"actions":[]
							}
						]
					}
				]
			},
			{
				"key": "selectListColumnAlias",
                "label": "Select List Column Alias",
                "sqlid": "10100723",
				"has_child_options":false,
				"format_options":
				[
					{
						"key": "",
						"label": "",
						"option_elements":
						[
							{
								"id": "fmt089_align_as_keyword_in_select_list",
								"label": "Align As Keyword In Select List",
								"type": "TFmtBoolean",
								"default_value": false,
								"initial_visibility": "visible",
								"actions":[]
							}
						]
					}
				]
			},
			{
				"key": "PLSQLOperators",
                "label": "PLSQL Operators",
                "sqlid": "10100814",
				"has_child_options":false,
				"format_options":
				[
					{
						"key": "",
						"label": "",
						"option_elements":
						[
							{
								"id": "fmt091_align_similar_operators",
								"label": "Align Similar Operators",
								"type": "TFmtBoolean",
								"default_value": false,
								"initial_visibility": "visible",
								"actions":[]
							}
						]
					}
				]
			}
		]
	},
	{
		"key":"whitespacePadding",
		"label":"White Space Padding",
		"clauses":
		[
			{
				"key": "operatorInArithmeticExpression",
                "label": "Operator In Arithmetic Expression",
                "sqlid": "10101471",
				"has_child_options":false,
				"format_options":
				[
					{
						"key": "",
						"label": "",
						"option_elements":
						[
							{
								"id": "fmt094_space_around_operator",
								"label": "Space Around Operator",
								"type": "TFmtBoolean",
								"default_value": false,
								"initial_visibility": "visible",
								"actions":[]
							}
						]
					}
				]
			},
			{
				"key": "parameterDefinition",
                "label": "Parameter Definition",
                "sqlid": "10101546",
				"has_child_options":false,
				"format_options":
				[
					{
						"key": "",
						"label": "",
						"option_elements":
						[
							{
								"id": "fmt095_space_around_parameter_declaration",
								"label": "Space Around Parameter Declaration",
								"type": "TFmtBoolean",
								"default_value": false,
								"initial_visibility": "visible",
								"actions":[]
							}
						]
					}
				]
			},
			{
				"key": "parenthesisInExpression",
                "label": "Parenthesis In Expression",
                "sqlid": "10101647",
				"has_child_options":false,
				"format_options":
				[
					{
						"key": "",
						"label": "",
						"option_elements":
						[
							{
								"id": "fmt096_space_padding_expression_parenthesis",
								"label": "Space Padding Expression Parenthesis",
								"type": "TFmtBoolean",
								"default_value": false,
								"initial_visibility": "visible",
								"actions":[]
							}
						]
					}
				]
			},
			{
				"key": "parenthesisInSubquery",
                "label": "Parenthesis In Subquery",
                "sqlid": "10101731",
				"has_child_options":false,
				"format_options":
				[
					{
						"key": "",
						"label": "",
						"option_elements":
						[
							{
								"id": "fmt097_space_padding_subquery_parenthesis",
								"label": "Space Padding Subquery Parenthesis",
								"type": "TFmtBoolean",
								"default_value": false,
								"initial_visibility": "visible",
								"actions":[]
							}
						]
					}
				]
			},
			{
				"key": "functionCall",
                "label": "Function Call",
                "sqlid": "10101760",
				"has_child_options":false,
				"format_options":
				[
					{
						"key": "",
						"label": "",
						"option_elements":
						[
							{
								"id": "fmt098_space_padding_function_call",
								"label": "Space Padding Function Call",
								"type": "TFmtBoolean",
								"default_value": false,
								"initial_visibility": "visible",
								"actions":[]
							}
						]
					}
				]
			},
			{
				"key": "datatype",
                "label": "Data Type",
                "sqlid": "10101791",
				"has_child_options":false,
				"format_options":
				[
					{
						"key": "",
						"label": "",
						"option_elements":
						[
							{
								"id": "fmt099_space_padding_datatype_parenthesis",
								"label": "Space Padding Data Type Parenthesis",
								"type": "TFmtBoolean",
								"default_value": false,
								"initial_visibility": "visible",
								"actions":[]
							}
						]
					}
				]
			}
		]
	},
	{
		"key":"blankLines",
		"label":"Blank Lines",
		"clauses":
		[
			{
				"key": "genericRule",
                "label": "Generic Rule",
                "sqlid": "10102366",
				"has_child_options":false,
				"format_options":
				[
					{
						"key": "",
						"label": "",
						"option_elements":
						[
							{
								"id": "fmt121_vs_generic",
								"label": "vs Generic",
								"type": "TFmtVerticalSpacing",
								"default_value": "keep_unchanged",
								"initial_visibility": "visible",
								"actions":[]
							}
						]
					}
				]
			},
			{
				"key": "PLSQL",
                "label": "PLSQL",
                "sqlid": "10102947",
				"has_child_options":true,
				"format_options":
				[
					{
						"key": "if",
						"label": "If",
						"option_elements":
						[
							{
								"id": "fmt112_vs_plsql_blank_line_before_if",
								"label": "PLSQL Blank List Before If",
								"type": "TFmtBoolean",
								"default_value": false,
								"initial_visibility": "visible",
								"actions":[]
							}
						]
					},
					{
						"key": "else",
						"label": "Else",
						"option_elements":
						[
							{
								"id": "fmt113_vs_plsql_blank_line_before_else",
								"label": "vs PLSQL Blank Line Before Else",
								"type": "TFmtBoolean",
								"default_value": false,
								"initial_visibility": "visible",
								"actions":[]
							}
						]
					},
					{
						"key": "elseif",
						"label": "Else If",
						"option_elements":
						[
							{
								"id": "fmt114_vs_plsql_blank_line_before_elseif",
								"label": "vs PLSQL Blank Line Before Else If",
								"type": "TFmtBoolean",
								"default_value": false,
								"initial_visibility": "visible",
								"actions":[]
							}
						]
					},
					{
						"key": "loop",
						"label": "Loop",
						"sqlid": "10103035",
						"option_elements":
						[
							{
								"id": "fmt116_vs_plsql_blank_line_before_loop",
								"label": "vs PLSQL Blank Line Before Loop",
								"type": "TFmtBoolean",
								"default_value": false,
								"initial_visibility": "visible",
								"actions":[]
							}
						]
					},
					{
						"key": "exceptionSecondSection",
						"label": "Exception Second Section",
						"sqlid": "10103081",
						"option_elements":
						[
							{
								"id": "fmt117_vs_plsql_blank_line_before_each_exception_after_first",
								"label": "vs PLSQL Blank Line Before Each Exception After First",
								"type": "TFmtBoolean",
								"default_value": false,
								"initial_visibility": "visible",
								"actions":[]
							}
						]
					},
					{
						"key": "declarations",
						"label": "Declarations",
						"sqlid": "10103136",
						"option_elements":
						[
							{
								"id": "fmt118_vs_plsql_blank_line_before_variable_declaration",
								"label": "vs PLSQL Blank Line Before Variable Declaration",
								"type": "TFmtBoolean",
								"default_value": false,
								"initial_visibility": "visible",
								"actions":[]
							},
							{
								"id": "fmt119_vs_plsql_blank_line_after_variable_declaration",
								"label": "vs PLSQL Blank Line After Variable Declaration",
								"type": "TFmtBoolean",
								"default_value": false,
								"initial_visibility": "visible",
								"actions":[]
							}
						]
					},
					{
						"key": "afterParameters",
						"label": "After Parameters",
						"sqlid": "10103184",
						"option_elements":
						[
							{
								"id": "fmt120_vs_plsql_blank_line_after_procedure_parameter_declaration",
								"label": "vs PLSQL Blank Line After Procedure Parameter Declaration",
								"type": "TFmtBoolean",
								"default_value": false,
								"initial_visibility": "visible",
								"actions":[]
							}
						]
					}
				]
			},
			{
				"key": "sqlServerSet",
                "label": "SQL Sever Set",
                "sqlid": "10104427",
				"has_child_options":false,
				"format_options":
				[
					{
						"key": "",
						"label": "",
						"option_elements":
						[
							{
								"id": "fmt122_vs_mssql_set",
								"label": "vs MSSQL Set",
								"type": "TFmtVerticalSpacing",
								"default_value": "keep_unchanged",
								"initial_visibility": "visible",
								"actions":[]
							}
						]
					}
				]
			},
			{
				"key": "sqlServerGo",
                "label": "SQL Sever Go",
                "sqlid": "10104497",
				"has_child_options":false,
				"format_options":
				[
					{
						"key": "",
						"label": "",
						"option_elements":
						[
							{
								"id": "fmt123_vs_mssql_blank_line_after_go",
								"label": "vs MSSQL Blank Line After Go",
								"type": "TFmtBoolean",
								"default_value": false,
								"initial_visibility": "visible",
								"actions":[]
							}
						]
					}
				]
			}
		]
	},
	{
		"key":"indentation",
		"label":"Indentation",
		"clauses":
		[
			{
				"key": "genericRule",
                "label": "Generic Rule",
                "sqlid": "10105284",
				"has_child_options":false,
				"format_options":
				[
					{
						"key": "",
						"label": "",
						"option_elements":
						[
							{
								"id": "fmt124_indent_generic",
								"label": "Indent Generic",
								"type": "int",
								"default_value": "2",
								"initial_visibility": "visible",
								"actions":[]
							},
							{
								"id": "fmt125_indent_use_tab",
								"label": "Indent Use Tab",
								"type": "TFmtBoolean",
								"default_value": false,
								"initial_visibility": "visible",
								"actions":
								[
									{"on":true,"show":"fmt126_indent_tab_size"}
								]
							},
							{
								"id": "fmt126_indent_tab_size",
								"label": "Indent Tab Size",
								"type": "int",
								"default_value": 2,
								"initial_visibility": "hidden",
								"actions":[]
							}
						]
					}
				]
			},
			{
				"key": "sqlBlock",
                "label": "SQL Block",
                "sqlid": "",
				"has_child_options":true,
				"format_options":
				[
					{
						"key": "storedProcedure",
						"label": "Store Proceducre",
						"sqlid":"",
						"has_child_options":true,
						"format_options":
						[
							{
								"key": "withoutBeginEnd",
								"label": "Without Begin End",
								"sqlid":"10218050",
								"has_child_options":false,
								"option_elements":
								[
									{
										"id": "fmt127_indent_procedure_body",
										"label": "Indent Procedure Body",
										"type": "int",
										"default_value": 2,
										"initial_visibility": "visible",
										"actions":[]
									}
								]
							},
							{
								"key": "withBeginEnd",
								"label": "With Begin End",
								"sqlid":"10218109",
								"has_child_options":false,
								"option_elements":
								[
									{
										"id": "fmt128_indent_procedure_body_begin_keyword_in_newline",
										"label": "Indent Procedure Body Begin Keyword In New Line",
										"type": "TFmtBoolean",
										"default_value": false,
										"initial_visibility": "visible",
										"actions":
										[
											{"on":true,"show":"fmt129_indent_procedure_body_begin_keyword"}
										]
									},
									{
										"id": "fmt129_indent_procedure_body_begin_keyword",
										"label": "Indent Procedure Body Begin Keyword",
										"type": "int",
										"default_value": 2,
										"initial_visibility": "hidden",
										"actions":[]
									},
									{
										"id": "fmt130_indent_procedure_body_end_keyword_in_newline",
										"label": "Indent Procedure Body End Keyword In New Line",
										"type": "TFmtBoolean",
										"default_value": false,
										"initial_visibility": "visible",
										"actions":
										[
											{"on":true,"show":"fmt131_indent_procedure_body_end_keyword"}
										]
									},
									{
										"id": "fmt131_indent_procedure_body_end_keyword",
										"label": "Indent Procedure Body End Keyword",
										"type": "int",
										"default_value": 2,
										"initial_visibility": "hidden",
										"actions":[]
									},
									{
										"id": "fmt132_indent_procedure_body_block_inside_begin_end",
										"label": "Indent Procedure Body Block Inside Begin End",
										"type": "int",
										"default_value": 2,
										"initial_visibility": "visible",
										"actions":[]
									}
								]
							}
						]
					},
					{
						"key": "if",
						"label": "if",
						"sqlid":"",
						"has_child_options":true,
						"format_options":
						[
							{
								"key": "withoutBeginEnd",
								"label": "Without Begin End",
								"sqlid":"10218160",
								"has_child_options":false,
								"option_elements":
								[
									{
										"id": "fmt133_indent_if_body",
										"label": "Indent If Body",
										"type": "int",
										"default_value": 2,
										"initial_visibility": "visible",
										"actions":[]
									},
									{
										"id": "fmt145_indent_elsif_body",
										"label": "Indent ElseIf Body",
										"type": "int",
										"default_value": 2,
										"initial_visibility": "visible",
										"actions":[]
									},
									{
										"id": "fmt139_indent_else_body",
										"label": "Indent Else Body",
										"type": "int",
										"default_value": 2,
										"initial_visibility": "visible",
										"actions":[]
									}
								]
							},
							{
								"key": "withBeginEnd",
								"label": "With Begin End",
								"sqlid":"10218202",
								"has_child_options":false,
								"option_elements":
								[
									{
										"id": "fmt134_indent_if_body_begin_keyword_in_newline",
										"label": "Indent If Body Begin Keyword In New Line",
										"type": "TFmtBoolean",
										"default_value": false,
										"initial_visibility": "visible",
										"actions":
										[
											{"on":true,"show":"fmt135_indent_if_body_begin_keyword"}
										]
									},
									{
										"id": "fmt135_indent_if_body_begin_keyword",
										"label": "Indent If Body Begin Keyword",
										"type": "int",
										"default_value": 2,
										"initial_visibility": "hidden",
										"actions":[]
									},
									{
										"id": "fmt136_indent_if_body_end_keyword_in_newline",
										"label": "Indent If Body End Keyword In New Line",
										"type": "TFmtBoolean",
										"default_value": false,
										"initial_visibility": "visible",
										"actions":
										[
											{"on":true,"show":"fmt137_indent_if_body_end_keyword"}
										]
									},
									{
										"id": "fmt137_indent_if_body_end_keyword",
										"label": "Indent If Body End Keyword",
										"type": "int",
										"default_value": 2,
										"initial_visibility": "hidden",
										"actions":[]
									},
									{
										"id": "fmt138_indent_if_body_block_inside_begin_end",
										"label": "Indent If Body Block Inside Begin End",
										"type": "int",
										"default_value": 2,
										"initial_visibility": "visible",
										"actions":[]
									}
								]
							}
						]
					}
				]
			}
		]
	},
	{
		"key":"capitalization",
		"label":"Capitalization",
		"clauses":
		[
			{
				"key": "keywords",
                "label": "Keywords",
                "sqlid": "10218547",
				"has_child_options":false,
				"format_options":
				[
					{
						"key": "",
						"label": "",
						"option_elements":
						[
							{
								"id": "fmt100_case_keyword",
								"label": "Case Keyword",
								"type": "TFmtCase",
								"default_value": "upper",
								"initial_visibility": "visible",
								"actions":[]
							}
						]
					}
				]
			},
			{
				"key": "datatype",
                "label": "Data Type",
                "sqlid": "10218609",
				"has_child_options":false,
				"format_options":
				[
					{
						"key": "",
						"label": "",
						"option_elements":
						[
							{
								"id": "fmt101_case_datatype",
								"label": "Case Data Type",
								"type": "TFmtCase",
								"default_value": "upper",
								"initial_visibility": "visible",
								"actions":[]
							}
						]
					}
				]
			},
			{
				"key": "identifier",
                "label": "Identifier",
                "sqlid": "",
				"has_child_options":true,
				"format_options":
				[
					{
						"key": "generic",
						"label": "Generic",
						"sqlid":"10219407",
						"option_elements":
						[
							{
								"id": "fmt102_case_identifier",
								"label": "Case Identifier",
								"type": "TFmtCase",
								"default_value": "upper",
								"initial_visibility": "visible",
								"actions":[]
							}
						]
					},
					{
						"key": "quotedIdentifier",
						"label": "Quoted Identifier",
						"sqlid":"10219493",
						"option_elements":
						[
							{
								"id": "fmt103_case_quoted_identifier",
								"label": "Case Quoted Identifier",
								"type": "TFmtCase",
								"default_value": "upper",
								"initial_visibility": "visible",
								"actions":[]
							}
						]
					},
					{
						"key": "prefixedIdentifier",
						"label": "Prefixed Identifier",
						"sqlid":"10219585",
						"option_elements":
						[
							{
								"id": "fmt104_case_prefixed_identifier",
								"label": "Case Prefixed Identifier",
								"type": "TFmtCase",
								"default_value": "upper",
								"initial_visibility": "visible",
								"actions":[]
							}
						]
					},
					{
						"key": "tableName",
						"label": "Table Name",
						"sqlid":"10219632",
						"option_elements":
						[
							{
								"id": "fmt105_case_table_name",
								"label": "Case Table Name",
								"type": "TFmtCase",
								"default_value": "upper",
								"initial_visibility": "visible",
								"actions":[]
							}
						]
					},
					{
						"key": "columnName",
						"label": "Column Name",
						"sqlid":"10219672",
						"option_elements":
						[
							{
								"id": "fmt106_case_column_name",
								"label": "Case Column Name",
								"type": "TFmtCase",
								"default_value": "upper",
								"initial_visibility": "visible",
								"actions":[]
							}
						]
					},
					{
						"key": "functionName",
						"label": "Function Name",
						"sqlid":"10219708",
						"option_elements":
						[
							{
								"id": "fmt107_case_function_name",
								"label": "Case Function Name",
								"type": "TFmtCase",
								"default_value": "upper",
								"initial_visibility": "visible",
								"actions":[]
							}
						]
					},
					{
						"key": "Alias",
						"label": "Alias",
						"sqlid":"",
						"has_child_options":true,
						"format_options":
						[
							{
								"key": "generic",
								"label": "Generic",
								"sqlid":"10219758",
								"has_child_options":false,
								"option_elements":
								[
									{
										"id": "fmt108_case_alias_name",
										"label": "Case Alias Name",
										"type": "TFmtCase",
										"default_value": "upper",
										"initial_visibility": "visible",
										"actions":[]
									}
								]
							},
							{
								"key": "columnAlias",
								"label": "Column Alias",
								"sqlid":"10219758",
								"has_child_options":false,
								"option_elements":
								[
									{
										"id": "fmt110_case_column_alias_name",
										"label": "Case Column Alias Name",
										"type": "TFmtCase",
										"default_value": "upper",
										"initial_visibility": "visible",
										"actions":[]
									}
								]
							}
						]
					},
					{
						"key": "variable",
						"label": "Variable",
						"sqlid":"10219803",
						"option_elements":
						[
							{
								"id": "fmt111_case_variable",
								"label": "Case Variable",
								"type": "TFmtCase",
								"default_value": "upper",
								"initial_visibility": "visible",
								"actions":[]
							}
						]
					}
				]
			}
		]
	},
	{
		"key":"sqlServer",
		"label":"SQL Server",
		"clauses":
		[
			{
				"key": "declare",
                "label": "Declare",
                "sqlid": "",
				"has_child_options":true,
				"format_options":
				[
					{
						"key": "firstVariableInNewline",
						"label": "First Variable In New Line",
						"sqlid":"10221475",
						"option_elements":
						[
							{
								"id": "fmt164_mssql_declare_variables_in_newline",
								"label": "MSSQL Declare Variables In New Line",
								"type": "TFmtBoolean",
								"default_value": false,
								"initial_visibility": "visible",
								"actions":[]
							}
						]
					},
					{
						"key": "varaibleListStyle",
						"label": "Variable List Style",
						"sqlid":"10221475",
						"option_elements":
						[
							{
								"id": "fmt163_mssql_declare_variables_style",
								"label": "MSSQL Declare Variables In New Line",
								"type": "TFmtListStyle",
								"default_value": "fit_into_one_line",
								"initial_visibility": "visible",
								"actions":
								[
									{"on":"stacked","show":"fmt166_mssql_declare_variables_comma_option"}
								]
							},
							{
								"id": "fmt166_mssql_declare_variables_comma_option",
								"label": "MSSQL Declare Variables Comma Option",
								"type": "TFmtCommaOption",
								"default_value": "after_item",
								"initial_visibility": "hidden",
								"actions":
								[
									{"on":"before_item_outside_list_with_n_space","show":"fmt167_mssql_declare_variables_comma_space"}
								]
							},
							{
								"id": "fmt167_mssql_declare_variables_comma_space",
								"label": "MSSQL Declare Variables Comma Space",
								"type": "int",
								"default_value": 2,
								"initial_visibility": "hidden",
								"actions":[]
							}
						]
					}
				]
			},
			{
				"key": "execute",
                "label": "Execute",
                "sqlid": "",
				"has_child_options":true,
				"format_options":
				[
					{
						"key": "firstParameterInNewline",
						"label": "First Parameter In New Line",
						"sqlid":"10221759",
						"option_elements":
						[
							{
								"id": "fmt169_mssql_execute_parameters_in_newline",
								"label": "MSSQL Execute Parameter In New Line",
								"type": "TFmtBoolean",
								"default_value": false,
								"initial_visibility": "visible",
								"actions":
								[
									{"on":true,"show":"fmt170_mssql_execute_parameters_indent"}
								]
							},
							{
								"id": "fmt170_mssql_execute_parameters_indent",
								"label": "MSSQL Execute Parameter Indent",
								"type": "int",
								"default_value": 2,
								"initial_visibility": "hidden",
								"actions":[]
							}
						]
					},
					{
						"key": "alignValueOfParameter",
						"label": "Align Value Of Parameter",
						"sqlid":"10362081",
						"option_elements":
						[
							{
								"id": "fmt177_mssql_execute_parameters_align_value",
								"label": "MSSQL Declare Parameter Align Value",
								"type": "TFmtBoolean",
								"default_value": false,
								"initial_visibility": "visible",
								"actions":[]
							}
						]
					},
					{
						"key": "parameterListStyle",
						"label": "Parameter List Style",
						"sqlid":"10221759",
						"option_elements":
						[
							{
								"id": "fmt168_mssql_execute_parameters_style",
								"label": "MSSQL Execute Parameters Style",
								"type": "TFmtListStyle",
								"default_value": "fit_into_one_line",
								"initial_visibility": "visible",
								"actions":
								[
									{"on":"stacked","show":"fmt171_mssql_execute_parameters_comma_option"}
								]
							},
							{
								"id": "fmt171_mssql_execute_parameters_comma_option",
								"label": "MSSQL Execute Parameters Comma Option",
								"type": "TFmtCommaOption",
								"default_value": "after_item",
								"initial_visibility": "hidden",
								"actions":
								[
									{"on":"before_item_outside_list_with_n_space","show":"fmt172_mssql_execute_parameters_comma_space"}
								]
							},
							{
								"id": "fmt172_mssql_execute_parameters_comma_space",
								"label": "MSSQL Execute Parameters Comma Space",
								"type": "int",
								"default_value": 2,
								"initial_visibility": "hidden",
								"actions":[]
							}
						]
					}
				]
			}
		]
	}
]