[
    {
        "key": "select",
        "label": "Select Query",
        "clauses": [
            {
				"key": "selectList",
                "label": "Select List",
                "sqlid": "9757063",
                "format_options": [
                    {
						"key": "listInNewline",
                        "label": "Select List In New Line",
                        "id": "fmt002_select_list_in_newline",
                        "type": "TFmtBoolean",
                        "action": [
                            {
                                "on": true,
                                "show": {
									"key": "fmt008_select_list_indent",
                                    "label": "Select List Indent",
                                    "type": "int",
                                    "id": "fmt008_select_list_indent"
                                }
                            }
                        ]
                    },
                    {
						"key": "listStyle",
                        "label": "Select List Style",
                        "id": "fmt001_select_list_style",
                        "type": "TFmtListStyle",
                        "action": [
                            {
                                "on": "stacked",
                                "show": {
									"key": "fmt003_select_list_comma_option",
                                    "label": "Select List Comma Option",
                                    "type": "TFmtCommaOption",
                                    "id": "fmt003_select_list_comma_option"
                                }
                            }
                        ]
                    }
                ]
            },
			{
				"key": "intoClause",
                "label": "Into Clause",
                "sqlid": "9757095",
                "format_options": [
                    {
						"key": "listInNewline",
                        "label": "Select Into Clause In New Line",
                        "id": "fmt005_select_into_clause_in_newline",
                        "type": "TFmtBoolean",
                        "action": [
                            {
                                "on": true,
                                "show": {
									"key": "fmt006_select_into_clause_indent",
                                    "label": "Select Into Clause Indent",
                                    "type": "int",
                                    "id": "fmt006_select_into_clause_indent"
                                }
                            }
                        ]
                    }
                ]
            },
			{
				"key": "fromClause",
                "label": "From Clause",
                "sqlid": "9757122",
                "format_options": [
                    {
						"key": "tableInNewline",
                        "label": "Select Table In New Line",
                        "id": "fmt009_select_table_in_newline",
                        "type": "TFmtBoolean",
                        "action": [
                            {
                                "on": true,
                                "show": {
									"key": "fmt010_select_table_indent",
                                    "label": "Select Table Indent",
                                    "type": "int",
                                    "id": "fmt010_select_table_indent"
                                }
                            }
                        ]
                    },
                    {
						"key": "tableListStyle",
                        "label": "Select Table List Style",
                        "id": "fmt007_select_table_list_style",
                        "type": "TFmtListStyle",
                        "action": [
                            {
                                "on": "stacked",
                                "show": {
									"key": "fmt011_select_table_list_comma_option",
                                    "label": "Select Table List Comma Option",
                                    "type": "TFmtCommaOption",
                                    "id": "fmt011_select_table_list_comma_option"
                                }
                            }
                        ]
                    }
                ]
            },
			{
				"key": "groupByClause",
                "label": "Group By Clause",
                "sqlid": "9757994",
                "format_options": [
                    {
						"key": "listInNewline",
                        "label": "Group By List In New Line",
                        "id": "fmt021_groupby_list_in_newline",
                        "type": "TFmtBoolean",
                        "action": [
                            {
                                "on": true,
                                "show": {
                                    "label": "Group By List Indent",
                                    "type": "int",
                                    "id": "fmt022_groupby_list_indent"
                                }
                            }
                        ]
                    },
                    {
                        "label": "Group By List Style",
                        "id": "fmt020_groupby_list_style",
                        "type": "TFmtListStyle"
                    }
                ]
            },
			{
                "label": "Having Clause",
                "sqlid": "9758005",
                "format_options": [
                    {
                        "label": "Having Condition New Line",
                        "id": "fmt025_having_condition_in_newline",
                        "type": "TFmtBoolean",
                        "action": [
                            {
                                "on": true,
                                "show": {
                                    "label": "Having Condition Indent",
                                    "type": "int",
                                    "id": "fmt026_having_condition_indent"
                                }
                            }
                        ]
                    }
                ]
            },
			{
                "label": "Order By Clause",
                "sqlid": "9758016",
                "format_options": [
                    {
                        "label": "Order By List In New Line",
                        "id": "fmt028_orderby_list_in_newline",
                        "type": "TFmtBoolean",
                        "action": [
                            {
                                "on": true,
                                "show": {
                                    "label": "Order By List Indent",
                                    "type": "int",
                                    "id": "fmt029_orderby_list_indent"
                                }
                            }
                        ]
                    },
                    {
                        "label": "Order By List Style",
                        "id": "fmt027_orderby_list_style",
                        "type": "TFmtListStyle"
                    }
                ]
            },
			{
                "label": "Select as subquery",
                "sqlid": "9758026",
                "format_options": [
                    {
                        "label": "Subquery Start Parenthesis In New Line",
                        "id": "fmt033_subquery_start_parenthesis_in_newline",
                        "type": "TFmtBoolean",
                        "action": [
                            {
                                "on": true,
                                "show": {
                                    "label": "Subquery Start Parenthesis Indent",
                                    "type": "int",
                                    "id": "fmt034_subquery_start_parenthesis_indent"
                                }
                            }
                        ]
                    },
					{
                        "label": "Subquery Select Keyword In New Line",
                        "id": "fmt037_subquery_select_keyword_in_newline",
                        "type": "TFmtBoolean",
                        "action": [
                            {
                                "on": true,
                                "show": {
                                    "label": "Subquery Select Keyword Indent",
                                    "type": "int",
                                    "id": "fmt038_subquery_select_keyword_indent"
                                }
                            }
                        ]
                    },
                    {
                        "label": "Subquery End Parenthesis In New Line",
                        "id": "fmt035_subquery_end_parenthesis_in_newline",
                        "type": "TFmtListStyle"
                    }
                ]
            }
        ]
    }
]