[
	{
		"key":"select",
		"label":"Select Query",
		"clauses":
		[
			{
				"key": "selectList",
                "label": "Select List",
                "sqlid": "9757063",
				"format_options":
				[
					{
						"key": "listInNewline",
						"option_elements":
						[
							{
								"id": "fmt002_select_list_in_newline",
								"label": "Select List In New Line",
								"type": "TFmtBoolean",
								"default_value": false,
								"initial_visibility": "visible",
								"actions":
								[
									{"on":true,"show":"fmt008_select_list_indent"}
								]
							},
							{
								"id": "fmt008_select_list_indent",
								"label": "Select List Indent",
								"type": "int",
								"default_value": 2,
								"initial_visibility": "hidden",
								"actions":[]
							}
						]
					},
					{
						"key": "listStyle",
						"option_elements":
						[
							{
								"id": "fmt001_select_list_style",
								"label": "Select List Style",
								"type": "TFmtListStyle",
								"default_value": "fit_into_one_line",
								"initial_visibility": "visible",
								"actions":
								[
									{"on":"stacked","show":"fmt003_select_list_comma_option"}
								]
							},
							{
								"id": "fmt003_select_list_comma_option",
								"label": "Select List Comma Option",
								"type": "TFmtCommaOption",
								"default_value": "after_item",
								"initial_visibility": "hidden",
								"actions":
								[
									{"on":"before_item_outside_list_with_n_space","show":"fmt004_select_list_comma_space"}
								]
							},
							{
								"id": "fmt004_select_list_comma_space",
								"label": "Select List Comma Space",
								"type": "int",
								"default_value": "1",
								"initial_visibility": "hidden",
								"actions": []
							}
						]
					}
				]
			},
			{
				"key": "intoClause",
                "label": "Into Clause",
                "sqlid": "9757095",
				"format_options":
				[
					{
						"key": "",
						"option_elements":
						[
							{
								"id": "fmt005_select_into_clause_in_newline",
								"label": "Select Into Clause In New Line",
								"type": "TFmtBoolean",
								"default_value": false,
								"initial_visibility": "visible",
								"actions":
								[
									{"on":true,"show":"fmt006_select_into_clause_indent"}
								]
							},
							{
								"id": "fmt006_select_into_clause_indent",
								"label": "Select Into Clause Indent",
								"type": "int",
								"default_value": 2,
								"initial_visibility": "hidden",
								"actions":[]
							}
						]
					}
				]
			},
			{
				"key": "fromClause",
                "label": "From Clause",
                "sqlid": "9757122",
				"format_options":
				[
					{
						"key": "tableInNewline",
						"option_elements":
						[
							{
								"id": "fmt009_select_table_in_newline",
								"label": "Select Table In New Line",
								"type": "TFmtBoolean",
								"default_value": false,
								"initial_visibility": "visible",
								"actions":
								[
									{"on":true,"show":"fmt010_select_table_indent"}
								]
							},
							{
								"id": "fmt010_select_table_indent",
								"label": "Select Table Indent",
								"type": "int",
								"default_value": 2,
								"initial_visibility": "hidden",
								"actions":[]
							}
						]
					},
					{
						"key": "tableListStyle",
						"option_elements":
						[
							{
								"id": "fmt007_select_table_list_style",
								"label": "Select Table List Style",
								"type": "TFmtListStyle",
								"default_value": "fit_into_one_line",
								"initial_visibility": "visible",
								"actions":
								[
									{"on":"stacked","show":"fmt011_select_table_list_comma_option"}
								]
							},
							{
								"id": "fmt011_select_table_list_comma_option",
								"label": "Select Table List Comma Option",
								"type": "TFmtCommaOption",
								"default_value": "after_item",
								"initial_visibility": "hidden",
								"actions":
								[
									{"on":"before_item_outside_list_with_n_space","show":"fmt012_select_table_list_comma_space"}
								]
							},
							{
								"id": "fmt012_select_table_list_comma_space",
								"label": "Select Table List Comma Space",
								"type": "int",
								"default_value": "1",
								"initial_visibility": "hidden",
								"actions": []
							}
						]
					}
				]
			},
			{
				"key": "fromClauseJoin",
                "label": "From Clause Join",
                "sqlid": "9757963",
				"format_options":
				[
					{
						"key": "joinKeywordIndention",
						"option_elements":
						[
							{
								"id": "fmt013_join_indent",
								"label": "From Join Indent",
								"type": "int",
								"default_value": 0,
								"initial_visibility": "visible",
								"actions":[]
							}
						]
					},
					{
						"key": "joinTableInNewline",
						"option_elements":
						[
							{
								"id": "fmt014_join_table_in_newline",
								"label": "Join Table in Newline",
								"type": "TFmtBoolean",
								"default_value": false,
								"initial_visibility": "visible",
								"actions":
								[
									{"on":true,"show":"fmt015_join_table_indent "}
								]
							},
							{
								"id": "fmt015_join_table_indent",
								"label": "Join Table Indent",
								"type": "int",
								"default_value": 2,
								"initial_visibility": "hidden",
								"actions":[]
							}
						]
					},
					{
						"key": "onKeywordInNewline",
						"option_elements":
						[
							{
								"id": "fmt016_join_on_in_newline",
								"label": "Join On in Newline",
								"type": "TFmtBoolean",
								"default_value": false,
								"initial_visibility": "visible",
								"actions":
								[
									{"on":true,"show":"fmt090_join_on_indent "}
								]
							},
							{
								"id": "fmt090_join_on_indent",
								"label": "Join On Indent",
								"type": "int",
								"default_value": 2,
								"initial_visibility": "hidden",
								"actions":[]
							}
						]
					}
				]
			},
			{
				"key": "whereClause",
                "label": "Where Join",
                "sqlid": "9757983",
				"format_options":
				[
					{
						"key": "conditionInNewline",
						"option_elements":
						[
							{
								"id": "fmt017_where_condition_in_newline",
								"label": "Where Condition in Newline",
								"type": "TFmtBoolean",
								"default_value": false,
								"initial_visibility": "visible",
								"actions":
								[
									{"on":true,"show":"fmt018_where_condition_indent "}
								]
							},
							{
								"id": "fmt018_where_condition_indent",
								"label": "Where Condition Indent",
								"type": "int",
								"default_value": 2,
								"initial_visibility": "hidden",
								"actions":[]
							}
						]
					},
					{
						"key": "ANDORStyle",
						"option_elements":
						[
							{
								"id": "fmt019_where_condition_andor",
								"label": "Where Condition AND OR",
								"type": "TFmtANDOR",
								"default_value": "at_the_begin_of_line",
								"initial_visibility": "visible",
								"actions":[]
							}
						]
					}
				]
			},
			{
				"key": "groupByClause",
                "label": "Group By Clause",
                "sqlid": "9757994",
				"format_options":
				[
					{
						"key": "listInNewline",
						"option_elements":
						[
							{
								"id": "fmt021_groupby_list_in_newline",
								"label": "Group By List In New Line",
								"type": "TFmtBoolean",
								"default_value": false,
								"initial_visibility": "visible",
								"actions":
								[
									{"on":true,"show":"fmt022_groupby_list_indent"}
								]
							},
							{
								"id": "fmt022_groupby_list_indent",
								"label": "Group By List Indent",
								"type": "int",
								"default_value": 2,
								"initial_visibility": "hidden",
								"actions":[]
							}
						]
					},
					{
						"key": "listStyle",
						"option_elements":
						[
							{
								"id": "fmt020_groupby_list_style",
								"label": "Group By List Style",
								"type": "TFmtListStyle",
								"default_value": "fit_into_one_line",
								"initial_visibility": "visible",
								"actions":
								[
									{"on":"stacked","show":"fmt023_groupby_list_comma_option"}
								]
							},
							{
								"id": "fmt023_groupby_list_comma_option",
								"label": "Group By List Comma Option",
								"type": "TFmtCommaOption",
								"default_value": "after_item",
								"initial_visibility": "hidden",
								"actions":
								[
									{"on":"before_item_outside_list_with_n_space","show":"fmt024_groupby_list_comma_space"}
								]
							},
							{
								"id": "fmt024_groupby_list_comma_space",
								"label": "Group By List Comma Space",
								"type": "int",
								"default_value": "1",
								"initial_visibility": "hidden",
								"actions": []
							}
						]
					}
				]
			},
			{
				"key": "havingClause",
                "label": "Having Clause",
                "sqlid": "9758005",
				"format_options":
				[
					{
						"key": "conditionInNewline",
						"option_elements":
						[
							{
								"id": "fmt025_having_condition_in_newline",
								"label": "Having Condition In New Line",
								"type": "TFmtBoolean",
								"default_value": false,
								"initial_visibility": "visible",
								"actions":
								[
									{"on":true,"show":"fmt026_having_condition_indent"}
								]
							},
							{
								"id": "fmt026_having_condition_indent",
								"label": "Having Condition List Indent",
								"type": "int",
								"default_value": 2,
								"initial_visibility": "hidden",
								"actions":[]
							}
						]
					}
				]
			},
			{
				"key": "orderByClause",
                "label": "Order By Clause",
                "sqlid": "9758016",
				"format_options":
				[
					{
						"key": "listInNewline",
						"option_elements":
						[
							{
								"id": "fmt028_orderby_list_in_newline",
								"label": "Order By List In New Line",
								"type": "TFmtBoolean",
								"default_value": false,
								"initial_visibility": "visible",
								"actions":
								[
									{"on":true,"show":"fmt029_orderby_list_indent"}
								]
							},
							{
								"id": "fmt029_orderby_list_indent",
								"label": "Order By List Indent",
								"type": "int",
								"default_value": 2,
								"initial_visibility": "hidden",
								"actions":[]
							}
						]
					},
					{
						"key": "listStyle",
						"option_elements":
						[
							{
								"id": "fmt027_orderby_list_style",
								"label": "Order By List Style",
								"type": "TFmtListStyle",
								"default_value": "fit_into_one_line",
								"initial_visibility": "visible",
								"actions":
								[
									{"on":"stacked","show":"fmt030_orderby_list_comma_option"}
								]
							},
							{
								"id": "fmt030_orderby_list_comma_option",
								"label": "Order By List Comma Option",
								"type": "TFmtCommaOption",
								"default_value": "after_item",
								"initial_visibility": "hidden",
								"actions":
								[
									{"on":"before_item_outside_list_with_n_space","show":"fmt031_orderby_list_comma_space"}
								]
							},
							{
								"id": "fmt031_orderby_list_comma_space",
								"label": "Order By List Comma Space",
								"type": "int",
								"default_value": "1",
								"initial_visibility": "hidden",
								"actions": []
							}
						]
					}
				]
			}
		]
	}
]